{"type": "FeatureCollection", "features": [{"type": "Feature", "geometry": {"type": "Point", "coordinates": ["-95.712891", "37.09024"]}, "properties": {"OilConsumed": "833.200", "name": "United States", "HydroElectricProduction": "23.696", "geolocation_address": null, "geolocation_zip": null, "year": 2009, "geolocation_state": null, "EnergyConsumed": "1.686", "id": "US", "NaturalGasProduction": "532.971", "CoalConsumption": "496.235", "geolocation_city": null, "EnergyProduced": "2.165"}}, {"type": "Feature", "geometry": {"type": "Point", "coordinates": ["-3.435973", "55.378051"]}, "properties": {"OilConsumed": "74.400", "name": "United Kingdom", "HydroElectricProduction": "0.452", "geolocation_address": null, "geolocation_zip": null, "year": 2009, "geolocation_state": null, "EnergyConsumed": "0.159", "id": "GB", "NaturalGasProduction": "62.646", "CoalConsumption": "29.913", "geolocation_city": null, "EnergyProduced": "0.197"}}, {"type": "Feature", "geometry": {"type": "Point", "coordinates": ["105.318756", "61.52401"]}, "properties": {"OilConsumed": "135.200", "name": "Russia", "HydroElectricProduction": "14.977", "geolocation_address": null, "geolocation_zip": null, "year": 2009, "geolocation_state": null, "EnergyConsumed": "1.182", "id": "RU", "NaturalGasProduction": "541.509", "CoalConsumption": "91.910", "geolocation_city": null, "EnergyProduced": "0.647"}}, {"type": "Feature", "geometry": {"type": "Point", "coordinates": ["24.96676", "45.943161"]}, "properties": {"OilConsumed": "9.200", "name": "Romania", "HydroElectricProduction": "1.336", "geolocation_address": null, "geolocation_zip": null, "year": 2009, "geolocation_state": null, "EnergyConsumed": "0.028", "id": "RO", "NaturalGasProduction": "10.368", "CoalConsumption": "6.608", "geolocation_city": null, "EnergyProduced": "0.035"}}, {"type": "Feature", "geometry": {"type": "Point", "coordinates": ["19.145136", "51.919438"]}, "properties": {"OilConsumed": "25.300", "name": "Poland", "HydroElectricProduction": "0.204", "geolocation_address": null, "geolocation_zip": null, "year": 2009, "geolocation_state": null, "EnergyConsumed": "0.068", "id": "PL", "NaturalGasProduction": "3.650", "CoalConsumption": "51.914", "geolocation_city": null, "EnergyProduced": "0.094"}}, {"type": "Feature", "geometry": {"type": "Point", "coordinates": ["69.345116", "30.375321"]}, "properties": {"OilConsumed": "20.600", "name": "Pakistan", "HydroElectricProduction": "2.416", "geolocation_address": null, "geolocation_zip": null, "year": 2009, "geolocation_state": null, "EnergyConsumed": "0.065", "id": "PK", "NaturalGasProduction": "33.750", "CoalConsumption": "4.677", "geolocation_city": null, "EnergyProduced": "0.084"}}, {"type": "Feature", "geometry": {"type": "Point", "coordinates": ["8.468946", "60.472024"]}, "properties": {"OilConsumed": "10.300", "name": "Norway", "HydroElectricProduction": "10.772", "geolocation_address": null, "geolocation_zip": null, "year": 2009, "geolocation_state": null, "EnergyConsumed": "0.214", "id": "NO", "NaturalGasProduction": "89.308", "CoalConsumption": "0.493", "geolocation_city": null, "EnergyProduced": "0.028"}}, {"type": "Feature", "geometry": {"type": "Point", "coordinates": ["174.885971", "-40.900557"]}, "properties": {"OilConsumed": "6.800", "name": "New Zealand", "HydroElectricProduction": "2.082", "geolocation_address": null, "geolocation_zip": null, "year": 2009, "geolocation_state": null, "EnergyConsumed": "0.015", "id": "NZ", "NaturalGasProduction": "3.431", "CoalConsumption": "1.605", "geolocation_city": null, "EnergyProduced": "0.017"}}, {"type": "Feature", "geometry": {"type": "Point", "coordinates": ["5.291266", "52.132633"]}, "properties": {"OilConsumed": "49.400", "name": "Netherlands", "HydroElectricProduction": "0.008", "geolocation_address": null, "geolocation_zip": null, "year": 2009, "geolocation_state": null, "EnergyConsumed": "0.063", "id": "NL", "NaturalGasProduction": "60.769", "CoalConsumption": "7.934", "geolocation_city": null, "EnergyProduced": "0.078"}}, {"type": "Feature", "geometry": {"type": "Point", "coordinates": ["-102.552784", "23.634501"]}, "properties": {"OilConsumed": "88.500", "name": "Mexico", "HydroElectricProduction": "2.297", "geolocation_address": null, "geolocation_zip": null, "year": 2009, "geolocation_state": null, "EnergyConsumed": "0.220", "id": "MX", "NaturalGasProduction": "49.412", "CoalConsumption": "8.391", "geolocation_city": null, "EnergyProduced": "0.175"}}, {"type": "Feature", "geometry": {"type": "Point", "coordinates": ["101.975766", "4.210484"]}, "properties": {"OilConsumed": "24.500", "name": "Malaysia", "HydroElectricProduction": "0.598", "geolocation_address": null, "geolocation_zip": null, "year": 2009, "geolocation_state": null, "EnergyConsumed": "0.090", "id": "MY", "NaturalGasProduction": "56.285", "CoalConsumption": "10.623", "geolocation_city": null, "EnergyProduced": "0.070"}}, {"type": "Feature", "geometry": {"type": "Point", "coordinates": ["66.923684", "48.019573"]}, "properties": {"OilConsumed": "12.100", "name": "Kazakhstan", "HydroElectricProduction": "0.591", "geolocation_address": null, "geolocation_zip": null, "year": 2009, "geolocation_state": null, "EnergyConsumed": "0.146", "id": "KZ", "NaturalGasProduction": "27.189", "CoalConsumption": "32.591", "geolocation_city": null, "EnergyProduced": "0.063"}}, {"type": "Feature", "geometry": {"type": "Point", "coordinates": ["12.56738", "41.87194"]}, "properties": {"OilConsumed": "75.100", "name": "Italy", "HydroElectricProduction": "4.225", "geolocation_address": null, "geolocation_zip": null, "year": 2009, "geolocation_state": null, "EnergyConsumed": "0.027", "id": "IT", "NaturalGasProduction": "7.539", "CoalConsumption": "12.935", "geolocation_city": null, "EnergyProduced": "0.165"}}, {"type": "Feature", "geometry": {"type": "Point", "coordinates": ["53.688046", "32.427908"]}, "properties": {"OilConsumed": "85.100", "name": "Iran", "HydroElectricProduction": "0.622", "geolocation_address": null, "geolocation_zip": null, "year": 2009, "geolocation_state": null, "EnergyConsumed": "0.350", "id": "IR", "NaturalGasProduction": "104.670", "CoalConsumption": "0.973", "geolocation_city": null, "EnergyProduced": "0.213"}}, {"type": "Feature", "geometry": {"type": "Point", "coordinates": ["113.921327", "-0.789275"]}, "properties": {"OilConsumed": "59.200", "name": "Indonesia", "HydroElectricProduction": "0.979", "geolocation_address": null, "geolocation_zip": null, "year": 2009, "geolocation_state": null, "EnergyConsumed": "0.352", "id": "ID", "NaturalGasProduction": "62.701", "CoalConsumption": "34.621", "geolocation_city": null, "EnergyProduced": "0.199"}}, {"type": "Feature", "geometry": {"type": "Point", "coordinates": ["78.96288", "20.593684"]}, "properties": {"OilConsumed": "151.000", "name": "India", "HydroElectricProduction": "8.961", "geolocation_address": null, "geolocation_zip": null, "year": 2009, "geolocation_state": null, "EnergyConsumed": "0.502", "id": "IN", "NaturalGasProduction": "27.522", "CoalConsumption": "253.824", "geolocation_city": null, "EnergyProduced": "0.675"}}, {"type": "Feature", "geometry": {"type": "Point", "coordinates": ["10.451526", "51.165691"]}, "properties": {"OilConsumed": "113.900", "name": "Germany", "HydroElectricProduction": "1.604", "geolocation_address": null, "geolocation_zip": null, "year": 2009, "geolocation_state": null, "EnergyConsumed": "0.127", "id": "DE", "NaturalGasProduction": "11.724", "CoalConsumption": "71.725", "geolocation_city": null, "EnergyProduced": "0.317"}}, {"type": "Feature", "geometry": {"type": "Point", "coordinates": ["30.802498", "26.820553"]}, "properties": {"OilConsumed": "34.400", "name": "Egypt", "HydroElectricProduction": "1.106", "geolocation_address": null, "geolocation_zip": null, "year": 2009, "geolocation_state": null, "EnergyConsumed": "0.088", "id": "EG", "NaturalGasProduction": "52.983", "CoalConsumption": "1.156", "geolocation_city": null, "EnergyProduced": "0.071"}}, {"type": "Feature", "geometry": {"type": "Point", "coordinates": ["104.195397", "35.86166"]}, "properties": {"OilConsumed": "388.200", "name": "China", "HydroElectricProduction": "52.936", "geolocation_address": null, "geolocation_zip": null, "year": 2009, "geolocation_state": null, "EnergyConsumed": "2.085", "id": "CN", "NaturalGasProduction": "68.474", "CoalConsumption": "1579.460", "geolocation_city": null, "EnergyProduced": "2.249"}}, {"type": "Feature", "geometry": {"type": "Point", "coordinates": ["-106.346771", "56.130366"]}, "properties": {"OilConsumed": "97.100", "name": "Canada", "HydroElectricProduction": "31.698", "geolocation_address": null, "geolocation_zip": null, "year": 2009, "geolocation_state": null, "EnergyConsumed": "0.390", "id": "CA", "NaturalGasProduction": "157.650", "CoalConsumption": "25.187", "geolocation_city": null, "EnergyProduced": "0.251"}}, {"type": "Feature", "geometry": {"type": "Point", "coordinates": ["-51.92528", "-14.235004"]}, "properties": {"OilConsumed": "107.000", "name": "Brazil", "HydroElectricProduction": "33.619", "geolocation_address": null, "geolocation_zip": null, "year": 2009, "geolocation_state": null, "EnergyConsumed": "0.230", "id": "BR", "NaturalGasProduction": "12.466", "CoalConsumption": "11.262", "geolocation_city": null, "EnergyProduced": "0.240"}}, {"type": "Feature", "geometry": {"type": "Point", "coordinates": ["90.356331", "23.684994"]}, "properties": {"OilConsumed": "4.800", "name": "Bangladesh", "HydroElectricProduction": "0.133", "geolocation_address": null, "geolocation_zip": null, "year": 2009, "geolocation_state": null, "EnergyConsumed": "0.025", "id": "BD", "NaturalGasProduction": "15.565", "CoalConsumption": "0.628", "geolocation_city": null, "EnergyProduced": "0.029"}}, {"type": "Feature", "geometry": {"type": "Point", "coordinates": ["133.775136", "-25.274398"]}, "properties": {"OilConsumed": "42.200", "name": "Australia", "HydroElectricProduction": "0.945", "geolocation_address": null, "geolocation_zip": null, "year": 2009, "geolocation_state": null, "EnergyConsumed": "0.311", "id": "AU", "NaturalGasProduction": "34.431", "CoalConsumption": "54.473", "geolocation_city": null, "EnergyProduced": "0.126"}}, {"type": "Feature", "geometry": {"type": "Point", "coordinates": ["-63.616672", "-38.416097"]}, "properties": {"OilConsumed": "23.700", "name": "Argentina", "HydroElectricProduction": "2.912", "geolocation_address": null, "geolocation_zip": null, "year": 2009, "geolocation_state": null, "EnergyConsumed": "0.081", "id": "AR", "NaturalGasProduction": "39.654", "CoalConsumption": "1.158", "geolocation_city": null, "EnergyProduced": "0.075"}}, {"type": "Feature", "geometry": {"type": "Point", "coordinates": ["1.659626", "28.033886"]}, "properties": {"OilConsumed": "14.900", "name": "Algeria", "HydroElectricProduction": "0.026", "geolocation_address": null, "geolocation_zip": null, "year": 2009, "geolocation_state": null, "EnergyConsumed": "0.152", "id": "DZ", "NaturalGasProduction": "77.855", "CoalConsumption": "0.192", "geolocation_city": null, "EnergyProduced": "0.041"}}, {"type": "Feature", "geometry": {"type": "Point", "coordinates": ["30.802498", "26.820553"]}, "properties": {"OilConsumed": "Data Not Avaialable", "name": "Egypt", "HydroElectricProduction": "30.802498", "geolocation_address": null, "geolocation_zip": null, "year": 2009, "geolocation_state": null, "EnergyConsumed": "Data Not Avaialable", "id": "EG", "NaturalGasProduction": "Data Not Avaialable", "CoalConsumption": "Data Not Avaialable", "geolocation_city": null, "EnergyProduced": "Data Not Avaialable", "reclong": "Data Not Avaialable"}}, {"type": "Feature", "geometry": {"type": "Point", "coordinates": ["17.228331", "26.3351"]}, "properties": {"OilConsumed": "Data Not Avaialable", "name": "Libya", "HydroElectricProduction": "17.228331", "geolocation_address": null, "geolocation_zip": null, "year": 2009, "geolocation_state": null, "EnergyConsumed": "Data Not Avaialable", "id": "LY", "NaturalGasProduction": "Data Not Avaialable", "CoalConsumption": "Data Not Avaialable", "geolocation_city": null, "EnergyProduced": "Data Not Avaialable", "reclong": "Data Not Avaialable"}}, {"type": "Feature", "geometry": {"type": "Point", "coordinates": ["-63.616672", "-38.416097"]}, "properties": {"OilConsumed": "Data Not Avaialable", "name": "Argentina", "HydroElectricProduction": "-63.616672", "geolocation_address": null, "geolocation_zip": null, "year": 2009, "geolocation_state": null, "EnergyConsumed": "Data Not Avaialable", "id": "AR", "NaturalGasProduction": "Data Not Avaialable", "CoalConsumption": "Data Not Avaialable", "geolocation_city": null, "EnergyProduced": "Data Not Avaialable", "reclong": "Data Not Avaialable"}}, {"type": "Feature", "geometry": {"type": "Point", "coordinates": ["31.16558", "48.379433"]}, "properties": {"OilConsumed": "Data Not Avaialable", "name": "Ukraine", "HydroElectricProduction": "31.16558", "geolocation_address": null, "geolocation_zip": null, "year": 2009, "geolocation_state": null, "EnergyConsumed": "Data Not Avaialable", "id": "UA", "NaturalGasProduction": "Data Not Avaialable", "CoalConsumption": "Data Not Avaialable", "geolocation_city": null, "EnergyProduced": "Data Not Avaialable", "reclong": "Data Not Avaialable"}}, {"type": "Feature", "geometry": {"type": "Point", "coordinates": ["108.277199", "14.058324"]}, "properties": {"OilConsumed": "Data Not Avaialable", "name": "Vietnam", "HydroElectricProduction": "108.277199", "geolocation_address": null, "geolocation_zip": null, "year": 2009, "geolocation_state": null, "EnergyConsumed": "Data Not Avaialable", "id": "VN", "NaturalGasProduction": "6371730", "CoalConsumption": "10024000", "geolocation_city": null, "EnergyProduced": "Data Not Avaialable", "reclong": "Data Not Avaialable"}}, {"type": "Feature", "geometry": {"type": "Point", "coordinates": ["19.145136", "51.919438"]}, "properties": {"OilConsumed": "Data Not Avaialable", "name": "Poland", "HydroElectricProduction": "19.145136", "geolocation_address": null, "geolocation_zip": null, "year": 2009, "geolocation_state": null, "EnergyConsumed": "Data Not Avaialable", "id": "PL", "NaturalGasProduction": "Data Not Avaialable", "CoalConsumption": "Data Not Avaialable", "geolocation_city": null, "EnergyProduced": "Data Not Avaialable", "reclong": "Data Not Avaialable"}}, {"type": "Feature", "geometry": {"type": "Point", "coordinates": ["55.923255", "21.512583"]}, "properties": {"OilConsumed": "Data Not Avaialable", "name": "Oman", "HydroElectricProduction": "55.923255", "geolocation_address": null, "geolocation_zip": null, "year": 2009, "geolocation_state": null, "EnergyConsumed": "Data Not Avaialable", "id": "OM", "NaturalGasProduction": "Data Not Avaialable", "CoalConsumption": "Data Not Avaialable", "geolocation_city": null, "EnergyProduced": "Data Not Avaialable", "reclong": "Data Not Avaialable"}}, {"type": "Feature", "geometry": {"type": "Point", "coordinates": ["69.345116", "30.375321"]}, "properties": {"OilConsumed": "Data Not Avaialable", "name": "Pakistan", "HydroElectricProduction": "69.345116", "geolocation_address": null, "geolocation_zip": null, "year": 2009, "geolocation_state": null, "EnergyConsumed": "Data Not Avaialable", "id": "PK", "NaturalGasProduction": "Data Not Avaialable", "CoalConsumption": "Data Not Avaialable", "geolocation_city": null, "EnergyProduced": "Data Not Avaialable", "reclong": "Data Not Avaialable"}}, {"type": "Feature", "geometry": {"type": "Point", "coordinates": ["47.576927", "40.143105"]}, "properties": {"OilConsumed": "Data Not Avaialable", "name": "Azerbaijan", "HydroElectricProduction": "47.576927", "geolocation_address": null, "geolocation_zip": null, "year": 2009, "geolocation_state": null, "EnergyConsumed": "Data Not Avaialable", "id": "AZ", "NaturalGasProduction": "Data Not Avaialable", "CoalConsumption": "Data Not Avaialable", "geolocation_city": null, "EnergyProduced": "Data Not Avaialable", "reclong": "Data Not Avaialable"}}, {"type": "Feature", "geometry": {"type": "Point", "coordinates": ["5.291266", "52.132633"]}, "properties": {"OilConsumed": "Data Not Avaialable", "name": "Netherlands", "HydroElectricProduction": "5.291266", "geolocation_address": null, "geolocation_zip": null, "year": 2009, "geolocation_state": null, "EnergyConsumed": "Data Not Avaialable", "id": "NL", "NaturalGasProduction": "Data Not Avaialable", "CoalConsumption": "Data Not Avaialable", "geolocation_city": null, "EnergyProduced": "Data Not Avaialable", "reclong": "Data Not Avaialable"}}, {"type": "Feature", "geometry": {"type": "Point", "coordinates": ["100.992541", "15.870032"]}, "properties": {"OilConsumed": "Data Not Avaialable", "name": "Thailand", "HydroElectricProduction": "100.992541", "geolocation_address": null, "geolocation_zip": null, "year": 2009, "geolocation_state": null, "EnergyConsumed": "Data Not Avaialable", "id": "TH", "NaturalGasProduction": "Data Not Avaialable", "CoalConsumption": "Data Not Avaialable", "geolocation_city": null, "EnergyProduced": "Data Not Avaialable", "reclong": "Data Not Avaialable"}}, {"type": "Feature", "geometry": {"type": "Point", "coordinates": ["64.585262", "41.377491"]}, "properties": {"OilConsumed": "Data Not Avaialable", "name": "Uzbekistan", "HydroElectricProduction": "64.585262", "geolocation_address": null, "geolocation_zip": null, "year": 2009, "geolocation_state": null, "EnergyConsumed": "Data Not Avaialable", "id": "UZ", "NaturalGasProduction": "Data Not Avaialable", "CoalConsumption": "Data Not Avaialable", "geolocation_city": null, "EnergyProduced": "Data Not Avaialable", "reclong": "Data Not Avaialable"}}, {"type": "Feature", "geometry": {"type": "Point", "coordinates": ["-61.222503", "10.691803"]}, "properties": {"OilConsumed": "Data Not Avaialable", "name": "Trinidad and Tobago", "HydroElectricProduction": "-61.222503", "geolocation_address": null, "geolocation_zip": null, "year": 2009, "geolocation_state": null, "EnergyConsumed": "Data Not Avaialable", "id": "TT", "NaturalGasProduction": "Data Not Avaialable", "CoalConsumption": "Data Not Avaialable", "geolocation_city": null, "EnergyProduced": "Data Not Avaialable", "reclong": "Data Not Avaialable"}}, {"type": "Feature", "geometry": {"type": "Point", "coordinates": ["59.556278", "38.969719"]}, "properties": {"OilConsumed": "Data Not Avaialable", "name": "Turkmenistan", "HydroElectricProduction": "59.556278", "geolocation_address": null, "geolocation_zip": null, "year": 2009, "geolocation_state": null, "EnergyConsumed": "Data Not Avaialable", "id": "TM", "NaturalGasProduction": "Data Not Avaialable", "CoalConsumption": "Data Not Avaialable", "geolocation_city": null, "EnergyProduced": "Data Not Avaialable", "reclong": "Data Not Avaialable"}}, {"type": "Feature", "geometry": {"type": "Point", "coordinates": ["30.217636", "12.862807"]}, "properties": {"OilConsumed": "Data Not Avaialable", "name": "Sudan", "HydroElectricProduction": "30.217636", "geolocation_address": null, "geolocation_zip": null, "year": 2009, "geolocation_state": null, "EnergyConsumed": "Data Not Avaialable", "id": "SD", "NaturalGasProduction": "Data Not Avaialable", "CoalConsumption": "Data Not Avaialable", "geolocation_city": null, "EnergyProduced": "Data Not Avaialable", "reclong": "Data Not Avaialable"}}, {"type": "Feature", "geometry": {"type": "Point", "coordinates": ["40.489673", "9.145"]}, "properties": {"OilConsumed": "Data Not Avaialable", "name": "Ethiopia", "HydroElectricProduction": "40.489673", "geolocation_address": null, "geolocation_zip": null, "year": 2009, "geolocation_state": null, "EnergyConsumed": "Data Not Avaialable", "id": "ET", "NaturalGasProduction": "Data Not Avaialable", "CoalConsumption": "Data Not Avaialable", "geolocation_city": null, "EnergyProduced": "Data Not Avaialable", "reclong": "Data Not Avaialable"}}, {"type": "Feature", "geometry": {"type": "Point", "coordinates": ["18.643501", "60.128161"]}, "properties": {"OilConsumed": "Data Not Avaialable", "name": "Sweden", "HydroElectricProduction": "18.643501", "geolocation_address": null, "geolocation_zip": null, "year": 2009, "geolocation_state": null, "EnergyConsumed": "Data Not Avaialable", "id": "SE", "NaturalGasProduction": "Data Not Avaialable", "CoalConsumption": "Data Not Avaialable", "geolocation_city": null, "EnergyProduced": "Data Not Avaialable", "reclong": "Data Not Avaialable"}}, {"type": "Feature", "geometry": {"type": "Point", "coordinates": ["35.243322", "38.963745"]}, "properties": {"OilConsumed": "Data Not Avaialable", "name": "Turkey", "HydroElectricProduction": "35.243322", "geolocation_address": null, "geolocation_zip": null, "year": 2009, "geolocation_state": null, "EnergyConsumed": "Data Not Avaialable", "id": "TR", "NaturalGasProduction": "Data Not Avaialable", "CoalConsumption": "Data Not Avaialable", "geolocation_city": null, "EnergyProduced": "Data Not Avaialable", "reclong": "Data Not Avaialable"}}, {"type": "Feature", "geometry": {"type": "Point", "coordinates": ["-3.74922", "40.463667"]}, "properties": {"OilConsumed": "Data Not Avaialable", "name": "Spain", "HydroElectricProduction": "-3.74922", "geolocation_address": null, "geolocation_zip": null, "year": 2009, "geolocation_state": null, "EnergyConsumed": "Data Not Avaialable", "id": "ES", "NaturalGasProduction": "Data Not Avaialable", "CoalConsumption": "Data Not Avaialable", "geolocation_city": null, "EnergyProduced": "Data Not Avaialable", "reclong": "Data Not Avaialable"}}, {"type": "Feature", "geometry": {"type": "Point", "coordinates": ["24.96676", "45.943161"]}, "properties": {"OilConsumed": "Data Not Avaialable", "name": "Romania", "HydroElectricProduction": "24.96676", "geolocation_address": null, "geolocation_zip": null, "year": 2009, "geolocation_state": null, "EnergyConsumed": "Data Not Avaialable", "id": "RO", "NaturalGasProduction": "Data Not Avaialable", "CoalConsumption": "Data Not Avaialable", "geolocation_city": null, "EnergyProduced": "Data Not Avaialable", "reclong": "Data Not Avaialable"}}, {"type": "Feature", "geometry": {"type": "Point", "coordinates": ["-78.183406", "-1.831239"]}, "properties": {"OilConsumed": "Data Not Avaialable", "name": "Ecuador", "HydroElectricProduction": "-78.183406", "geolocation_address": null, "geolocation_zip": null, "year": 2009, "geolocation_state": null, "EnergyConsumed": "Data Not Avaialable", "id": "EC", "NaturalGasProduction": "Data Not Avaialable", "CoalConsumption": "Data Not Avaialable", "geolocation_city": null, "EnergyProduced": "Data Not Avaialable", "reclong": "Data Not Avaialable"}}, {"type": "Feature", "geometry": {"type": "Point", "coordinates": ["12.56738", "41.87194"]}, "properties": {"OilConsumed": "Data Not Avaialable", "name": "Italy", "HydroElectricProduction": "12.56738", "geolocation_address": null, "geolocation_zip": null, "year": 2009, "geolocation_state": null, "EnergyConsumed": "Data Not Avaialable", "id": "IT", "NaturalGasProduction": "Data Not Avaialable", "CoalConsumption": "Data Not Avaialable", "geolocation_city": null, "EnergyProduced": "Data Not Avaialable", "reclong": "Data Not Avaialable"}}, {"type": "Feature", "geometry": {"type": "Point", "coordinates": ["90.356331", "23.684994"]}, "properties": {"OilConsumed": "Data Not Avaialable", "name": "Bangladesh", "HydroElectricProduction": "90.356331", "geolocation_address": null, "geolocation_zip": null, "year": 2009, "geolocation_state": null, "EnergyConsumed": "Data Not Avaialable", "id": "BD", "NaturalGasProduction": "Data Not Avaialable", "CoalConsumption": "Data Not Avaialable", "geolocation_city": null, "EnergyProduced": "Data Not Avaialable", "reclong": "Data Not Avaialable"}}, {"type": "Feature", "geometry": {"type": "Point", "coordinates": ["9.501785", "56.26392"]}, "properties": {"OilConsumed": "Data Not Avaialable", "name": "Denmark", "HydroElectricProduction": "9.501785", "geolocation_address": null, "geolocation_zip": null, "year": 2009, "geolocation_state": null, "EnergyConsumed": "Data Not Avaialable", "id": "DK", "NaturalGasProduction": "Data Not Avaialable", "CoalConsumption": "Data Not Avaialable", "geolocation_city": null, "EnergyProduced": "Data Not Avaialable", "reclong": "Data Not Avaialable"}}, {"type": "Feature", "geometry": {"type": "Point", "coordinates": ["38.996815", "34.802075"]}, "properties": {"OilConsumed": "Data Not Avaialable", "name": "Syria", "HydroElectricProduction": "38.996815", "geolocation_address": null, "geolocation_zip": null, "year": 2009, "geolocation_state": null, "EnergyConsumed": "Data Not Avaialable", "id": "SY", "NaturalGasProduction": "Data Not Avaialable", "CoalConsumption": "Data Not Avaialable", "geolocation_city": null, "EnergyProduced": "Data Not Avaialable", "reclong": "Data Not Avaialable"}}, {"type": "Feature", "geometry": {"type": "Point", "coordinates": ["121.774017", "12.879721"]}, "properties": {"OilConsumed": "Data Not Avaialable", "name": "Philippines", "HydroElectricProduction": "121.774017", "geolocation_address": null, "geolocation_zip": null, "year": 2009, "geolocation_state": null, "EnergyConsumed": "Data Not Avaialable", "id": "PH", "NaturalGasProduction": "Data Not Avaialable", "CoalConsumption": "Data Not Avaialable", "geolocation_city": null, "EnergyProduced": "Data Not Avaialable", "reclong": "Data Not Avaialable"}}, {"type": "Feature", "geometry": {"type": "Point", "coordinates": ["114.727669", "4.535277"]}, "properties": {"OilConsumed": "Data Not Avaialable", "name": "Brunei", "HydroElectricProduction": "114.727669", "geolocation_address": null, "geolocation_zip": null, "year": 2009, "geolocation_state": null, "EnergyConsumed": "Data Not Avaialable", "id": "BN", "NaturalGasProduction": "Data Not Avaialable", "CoalConsumption": "Data Not Avaialable", "geolocation_city": null, "EnergyProduced": "Data Not Avaialable", "reclong": "Data Not Avaialable"}}, {"type": "Feature", "geometry": {"type": "Point", "coordinates": ["34.888822", "-6.369028"]}, "properties": {"OilConsumed": "Data Not Avaialable", "name": "Tanzania", "HydroElectricProduction": "34.888822", "geolocation_address": null, "geolocation_zip": null, "year": 2009, "geolocation_state": null, "EnergyConsumed": "Data Not Avaialable", "id": "TZ", "NaturalGasProduction": "Data Not Avaialable", "CoalConsumption": "Data Not Avaialable", "geolocation_city": null, "EnergyProduced": "Data Not Avaialable", "reclong": "Data Not Avaialable"}}, {"type": "Feature", "geometry": {"type": "Point", "coordinates": ["50.637772", "25.930414"]}, "properties": {"OilConsumed": "Data Not Avaialable", "name": "Bahrain", "HydroElectricProduction": "50.637772", "geolocation_address": null, "geolocation_zip": null, "year": 2009, "geolocation_state": null, "EnergyConsumed": "Data Not Avaialable", "id": "BH", "NaturalGasProduction": "Data Not Avaialable", "CoalConsumption": "Data Not Avaialable", "geolocation_city": null, "EnergyProduced": "Data Not Avaialable", "reclong": "Data Not Avaialable"}}, {"type": "Feature", "geometry": {"type": "Point", "coordinates": ["25.748151", "61.92411"]}, "properties": {"OilConsumed": "Data Not Avaialable", "name": "Finland", "HydroElectricProduction": "25.748151", "geolocation_address": null, "geolocation_zip": null, "year": 2009, "geolocation_state": null, "EnergyConsumed": "Data Not Avaialable", "id": "FI", "NaturalGasProduction": "Data Not Avaialable", "CoalConsumption": "Data Not Avaialable", "geolocation_city": null, "EnergyProduced": "Data Not Avaialable", "reclong": "Data Not Avaialable"}}, {"type": "Feature", "geometry": {"type": "Point", "coordinates": ["37.906193", "-0.023559"]}, "properties": {"OilConsumed": "Data Not Avaialable", "name": "Kenya", "HydroElectricProduction": "37.906193", "geolocation_address": null, "geolocation_zip": null, "year": 2009, "geolocation_state": null, "EnergyConsumed": "Data Not Avaialable", "id": "KE", "NaturalGasProduction": "Data Not Avaialable", "CoalConsumption": "Data Not Avaialable", "geolocation_city": null, "EnergyProduced": "Data Not Avaialable", "reclong": "Data Not Avaialable"}}, {"type": "Feature", "geometry": {"type": "Point", "coordinates": ["4.469936", "50.503887"]}, "properties": {"OilConsumed": "Data Not Avaialable", "name": "Belgium", "HydroElectricProduction": "4.469936", "geolocation_address": null, "geolocation_zip": null, "year": 2009, "geolocation_state": null, "EnergyConsumed": "Data Not Avaialable", "id": "BE", "NaturalGasProduction": "Data Not Avaialable", "CoalConsumption": "Data Not Avaialable", "geolocation_city": null, "EnergyProduced": "Data Not Avaialable", "reclong": "Data Not Avaialable"}}, {"type": "Feature", "geometry": {"type": "Point", "coordinates": ["174.885971", "-40.900557"]}, "properties": {"OilConsumed": "Data Not Avaialable", "name": "New Zealand", "HydroElectricProduction": "174.885971", "geolocation_address": null, "geolocation_zip": null, "year": 2009, "geolocation_state": null, "EnergyConsumed": "Data Not Avaialable", "id": "NZ", "NaturalGasProduction": "Data Not Avaialable", "CoalConsumption": "Data Not Avaialable", "geolocation_city": null, "EnergyProduced": "Data Not Avaialable", "reclong": "Data Not Avaialable"}}, {"type": "Feature", "geometry": {"type": "Point", "coordinates": ["-75.015152", "-9.189967"]}, "properties": {"OilConsumed": "Data Not Avaialable", "name": "Peru", "HydroElectricProduction": "-75.015152", "geolocation_address": null, "geolocation_zip": null, "year": 2009, "geolocation_state": null, "EnergyConsumed": "Data Not Avaialable", "id": "PE", "NaturalGasProduction": "Data Not Avaialable", "CoalConsumption": "Data Not Avaialable", "geolocation_city": null, "EnergyProduced": "Data Not Avaialable", "reclong": "Data Not Avaialable"}}, {"type": "Feature", "geometry": {"type": "Point", "coordinates": ["-63.588653", "-16.290154"]}, "properties": {"OilConsumed": "Data Not Avaialable", "name": "Bolivia", "HydroElectricProduction": "-63.588653", "geolocation_address": null, "geolocation_zip": null, "year": 2009, "geolocation_state": null, "EnergyConsumed": "Data Not Avaialable", "id": "BO", "NaturalGasProduction": "Data Not Avaialable", "CoalConsumption": "Data Not Avaialable", "geolocation_city": null, "EnergyProduced": "Data Not Avaialable", "reclong": "Data Not Avaialable"}}, {"type": "Feature", "geometry": {"type": "Point", "coordinates": ["11.609444", "-0.803689"]}, "properties": {"OilConsumed": "Data Not Avaialable", "name": "Gabon", "HydroElectricProduction": "11.609444", "geolocation_address": null, "geolocation_zip": null, "year": 2009, "geolocation_state": null, "EnergyConsumed": "Data Not Avaialable", "id": "GA", "NaturalGasProduction": "Data Not Avaialable", "CoalConsumption": "Data Not Avaialable", "geolocation_city": null, "EnergyProduced": "Data Not Avaialable", "reclong": "Data Not Avaialable"}}, {"type": "Feature", "geometry": {"type": "Point", "coordinates": ["8.227512", "46.818188"]}, "properties": {"OilConsumed": "Data Not Avaialable", "name": "Switzerland", "HydroElectricProduction": "8.227512", "geolocation_address": null, "geolocation_zip": null, "year": 2009, "geolocation_state": null, "EnergyConsumed": "Data Not Avaialable", "id": "CH", "NaturalGasProduction": "Data Not Avaialable", "CoalConsumption": "Data Not Avaialable", "geolocation_city": null, "EnergyProduced": "Data Not Avaialable", "reclong": "Data Not Avaialable"}}, {"type": "Feature", "geometry": {"type": "Point", "coordinates": ["35.529562", "-18.665695"]}, "properties": {"OilConsumed": "Data Not Avaialable", "name": "Mozambique", "HydroElectricProduction": "35.529562", "geolocation_address": null, "geolocation_zip": null, "year": 2009, "geolocation_state": null, "EnergyConsumed": "Data Not Avaialable", "id": "MZ", "NaturalGasProduction": "Data Not Avaialable", "CoalConsumption": "Data Not Avaialable", "geolocation_city": null, "EnergyProduced": "Data Not Avaialable", "reclong": "Data Not Avaialable"}}, {"type": "Feature", "geometry": {"type": "Point", "coordinates": ["14.550072", "47.516231"]}, "properties": {"OilConsumed": "Data Not Avaialable", "name": "Austria", "HydroElectricProduction": "14.550072", "geolocation_address": null, "geolocation_zip": null, "year": 2009, "geolocation_state": null, "EnergyConsumed": "Data Not Avaialable", "id": "AT", "NaturalGasProduction": "Data Not Avaialable", "CoalConsumption": "Data Not Avaialable", "geolocation_city": null, "EnergyProduced": "Data Not Avaialable", "reclong": "Data Not Avaialable"}}, {"type": "Feature", "geometry": {"type": "Point", "coordinates": ["19.503304", "47.162494"]}, "properties": {"OilConsumed": "Data Not Avaialable", "name": "Hungary", "HydroElectricProduction": "19.503304", "geolocation_address": null, "geolocation_zip": null, "year": 2009, "geolocation_state": null, "EnergyConsumed": "Data Not Avaialable", "id": "HU", "NaturalGasProduction": "Data Not Avaialable", "CoalConsumption": "Data Not Avaialable", "geolocation_city": null, "EnergyProduced": "Data Not Avaialable", "reclong": "Data Not Avaialable"}}, {"type": "Feature", "geometry": {"type": "Point", "coordinates": ["21.824312", "39.074208"]}, "properties": {"OilConsumed": "Data Not Avaialable", "name": "Greece", "HydroElectricProduction": "21.824312", "geolocation_address": null, "geolocation_zip": null, "year": 2009, "geolocation_state": null, "EnergyConsumed": "Data Not Avaialable", "id": "GR", "NaturalGasProduction": "Data Not Avaialable", "CoalConsumption": "Data Not Avaialable", "geolocation_city": null, "EnergyProduced": "Data Not Avaialable", "reclong": "Data Not Avaialable"}}, {"type": "Feature", "geometry": {"type": "Point", "coordinates": ["25.48583", "42.733883"]}, "properties": {"OilConsumed": "Data Not Avaialable", "name": "Bulgaria", "HydroElectricProduction": "25.48583", "geolocation_address": null, "geolocation_zip": null, "year": 2009, "geolocation_state": null, "EnergyConsumed": "Data Not Avaialable", "id": "BG", "NaturalGasProduction": "Data Not Avaialable", "CoalConsumption": "Data Not Avaialable", "geolocation_city": null, "EnergyProduced": "Data Not Avaialable", "reclong": "Data Not Avaialable"}}, {"type": "Feature", "geometry": {"type": "Point", "coordinates": ["21.005859", "44.016521"]}, "properties": {"OilConsumed": "Data Not Avaialable", "name": "Serbia", "HydroElectricProduction": "21.005859", "geolocation_address": null, "geolocation_zip": null, "year": 2009, "geolocation_state": null, "EnergyConsumed": "Data Not Avaialable", "id": "RS", "NaturalGasProduction": "Data Not Avaialable", "CoalConsumption": "Data Not Avaialable", "geolocation_city": null, "EnergyProduced": "Data Not Avaialable", "reclong": "Data Not Avaialable"}}, {"type": "Feature", "geometry": {"type": "Point", "coordinates": ["-71.542969", "-35.675147"]}, "properties": {"OilConsumed": "Data Not Avaialable", "name": "Chile", "HydroElectricProduction": "-71.542969", "geolocation_address": null, "geolocation_zip": null, "year": 2009, "geolocation_state": null, "EnergyConsumed": "Data Not Avaialable", "id": "CL", "NaturalGasProduction": "Data Not Avaialable", "CoalConsumption": "Data Not Avaialable", "geolocation_city": null, "EnergyProduced": "Data Not Avaialable", "reclong": "Data Not Avaialable"}}, {"type": "Feature", "geometry": {"type": "Point", "coordinates": ["12.354722", "7.369722"]}, "properties": {"OilConsumed": "Data Not Avaialable", "name": "Cameroon", "HydroElectricProduction": "12.354722", "geolocation_address": null, "geolocation_zip": null, "year": 2009, "geolocation_state": null, "EnergyConsumed": "Data Not Avaialable", "id": "CM", "NaturalGasProduction": "Data Not Avaialable", "CoalConsumption": "Data Not Avaialable", "geolocation_city": null, "EnergyProduced": "Data Not Avaialable", "reclong": "Data Not Avaialable"}}, {"type": "Feature", "geometry": {"type": "Point", "coordinates": ["84.124008", "28.394857"]}, "properties": {"OilConsumed": "Data Not Avaialable", "name": "Nepal", "HydroElectricProduction": "84.124008", "geolocation_address": null, "geolocation_zip": null, "year": 2009, "geolocation_state": null, "EnergyConsumed": "Data Not Avaialable", "id": "NP", "NaturalGasProduction": "Data Not Avaialable", "CoalConsumption": "Data Not Avaialable", "geolocation_city": null, "EnergyProduced": "Data Not Avaialable", "reclong": "Data Not Avaialable"}}, {"type": "Feature", "geometry": {"type": "Point", "coordinates": ["29.154857", "-19.015438"]}, "properties": {"OilConsumed": "Data Not Avaialable", "name": "Zimbabwe", "HydroElectricProduction": "29.154857", "geolocation_address": null, "geolocation_zip": null, "year": 2009, "geolocation_state": null, "EnergyConsumed": "9273701", "id": "ZW", "NaturalGasProduction": "Data Not Avaialable", "CoalConsumption": "Data Not Avaialable", "geolocation_city": null, "EnergyProduced": "8532.756", "reclong": "302407.5666"}}, {"type": "Feature", "geometry": {"type": "Point", "coordinates": ["9.537499", "33.886917"]}, "properties": {"OilConsumed": "Data Not Avaialable", "name": "Tunisia", "HydroElectricProduction": "9.537499", "geolocation_address": null, "geolocation_zip": null, "year": 2009, "geolocation_state": null, "EnergyConsumed": "Data Not Avaialable", "id": "TN", "NaturalGasProduction": "Data Not Avaialable", "CoalConsumption": "Data Not Avaialable", "geolocation_city": null, "EnergyProduced": "Data Not Avaialable", "reclong": "Data Not Avaialable"}}, {"type": "Feature", "geometry": {"type": "Point", "coordinates": ["103.846656", "46.862496"]}, "properties": {"OilConsumed": "Data Not Avaialable", "name": "Mongolia", "HydroElectricProduction": "103.846656", "geolocation_address": null, "geolocation_zip": null, "year": 2009, "geolocation_state": null, "EnergyConsumed": "Data Not Avaialable", "id": "MN", "NaturalGasProduction": "Data Not Avaialable", "CoalConsumption": "Data Not Avaialable", "geolocation_city": null, "EnergyProduced": "Data Not Avaialable", "reclong": "Data Not Avaialable"}}, {"type": "Feature", "geometry": {"type": "Point", "coordinates": ["-58.443832", "-23.442503"]}, "properties": {"OilConsumed": "Data Not Avaialable", "name": "Paraguay", "HydroElectricProduction": "-58.443832", "geolocation_address": null, "geolocation_zip": null, "year": 2009, "geolocation_state": null, "EnergyConsumed": "Data Not Avaialable", "id": "PY", "NaturalGasProduction": "Data Not Avaialable", "CoalConsumption": "Data Not Avaialable", "geolocation_city": null, "EnergyProduced": "Data Not Avaialable", "reclong": "Data Not Avaialable"}}, {"type": "Feature", "geometry": {"type": "Point", "coordinates": ["27.849332", "-13.133897"]}, "properties": {"OilConsumed": "Data Not Avaialable", "name": "Zambia", "HydroElectricProduction": "27.849332", "geolocation_address": null, "geolocation_zip": null, "year": 2009, "geolocation_state": null, "EnergyConsumed": "Data Not Avaialable", "id": "ZM", "NaturalGasProduction": "Data Not Avaialable", "CoalConsumption": "Data Not Avaialable", "geolocation_city": null, "EnergyProduced": "Data Not Avaialable", "reclong": "Data Not Avaialable"}}, {"type": "Feature", "geometry": {"type": "Point", "coordinates": ["-1.023194", "7.946527"]}, "properties": {"OilConsumed": "Data Not Avaialable", "name": "Ghana", "HydroElectricProduction": "-1.023194", "geolocation_address": null, "geolocation_zip": null, "year": 2009, "geolocation_state": null, "EnergyConsumed": "Data Not Avaialable", "id": "GH", "NaturalGasProduction": "Data Not Avaialable", "CoalConsumption": "Data Not Avaialable", "geolocation_city": null, "EnergyProduced": "Data Not Avaialable", "reclong": "Data Not Avaialable"}}, {"type": "Feature", "geometry": {"type": "Point", "coordinates": ["-90.230759", "15.783471"]}, "properties": {"OilConsumed": "Data Not Avaialable", "name": "Guatemala", "HydroElectricProduction": "-90.230759", "geolocation_address": null, "geolocation_zip": null, "year": 2009, "geolocation_state": null, "EnergyConsumed": "Data Not Avaialable", "id": "GT", "NaturalGasProduction": "Data Not Avaialable", "CoalConsumption": "Data Not Avaialable", "geolocation_city": null, "EnergyProduced": "Data Not Avaialable", "reclong": "Data Not Avaialable"}}, {"type": "Feature", "geometry": {"type": "Point", "coordinates": ["-77.781167", "21.521757"]}, "properties": {"OilConsumed": "Data Not Avaialable", "name": "Cuba", "HydroElectricProduction": "-77.781167", "geolocation_address": null, "geolocation_zip": null, "year": 2009, "geolocation_state": null, "EnergyConsumed": "Data Not Avaialable", "id": "CU", "NaturalGasProduction": "Data Not Avaialable", "CoalConsumption": "Data Not Avaialable", "geolocation_city": null, "EnergyProduced": "Data Not Avaialable", "reclong": "Data Not Avaialable"}}, {"type": "Feature", "geometry": {"type": "Point", "coordinates": ["80.771797", "7.873054"]}, "properties": {"OilConsumed": "Data Not Avaialable", "name": "Sri Lanka", "HydroElectricProduction": "80.771797", "geolocation_address": null, "geolocation_zip": null, "year": 2009, "geolocation_state": null, "EnergyConsumed": "Data Not Avaialable", "id": "LK", "NaturalGasProduction": "Data Not Avaialable", "CoalConsumption": "Data Not Avaialable", "geolocation_city": null, "EnergyProduced": "Data Not Avaialable", "reclong": "Data Not Avaialable"}}, {"type": "Feature", "geometry": {"type": "Point", "coordinates": ["-8.224454", "39.399872"]}, "properties": {"OilConsumed": "Data Not Avaialable", "name": "Portugal", "HydroElectricProduction": "-8.224454", "geolocation_address": null, "geolocation_zip": null, "year": 2009, "geolocation_state": null, "EnergyConsumed": "Data Not Avaialable", "id": "PT", "NaturalGasProduction": "Data Not Avaialable", "CoalConsumption": "Data Not Avaialable", "geolocation_city": null, "EnergyProduced": "Data Not Avaialable", "reclong": "Data Not Avaialable"}}, {"type": "Feature", "geometry": {"type": "Point", "coordinates": ["17.679076", "43.915886"]}, "properties": {"OilConsumed": "Data Not Avaialable", "name": "Bosnia and Herzegovina", "HydroElectricProduction": "17.679076", "geolocation_address": null, "geolocation_zip": null, "year": 2009, "geolocation_state": null, "EnergyConsumed": "Data Not Avaialable", "id": "BA", "NaturalGasProduction": "Data Not Avaialable", "CoalConsumption": "Data Not Avaialable", "geolocation_city": null, "EnergyProduced": "Data Not Avaialable", "reclong": "Data Not Avaialable"}}, {"type": "Feature", "geometry": {"type": "Point", "coordinates": ["-19.020835", "64.963051"]}, "properties": {"OilConsumed": "Data Not Avaialable", "name": "Iceland", "HydroElectricProduction": "-19.020835", "geolocation_address": null, "geolocation_zip": null, "year": 2009, "geolocation_state": null, "EnergyConsumed": "Data Not Avaialable", "id": "IS", "NaturalGasProduction": "Data Not Avaialable", "CoalConsumption": "Data Not Avaialable", "geolocation_city": null, "EnergyProduced": "Data Not Avaialable", "reclong": "Data Not Avaialable"}}, {"type": "Feature", "geometry": {"type": "Point", "coordinates": ["23.881275", "55.169438"]}, "properties": {"OilConsumed": "Data Not Avaialable", "name": "Lithuania", "HydroElectricProduction": "23.881275", "geolocation_address": null, "geolocation_zip": null, "year": 2009, "geolocation_state": null, "EnergyConsumed": "Data Not Avaialable", "id": "LT", "NaturalGasProduction": "Data Not Avaialable", "CoalConsumption": "Data Not Avaialable", "geolocation_city": null, "EnergyProduced": "Data Not Avaialable", "reclong": "Data Not Avaialable"}}, {"type": "Feature", "geometry": {"type": "Point", "coordinates": ["25.013607", "58.595272"]}, "properties": {"OilConsumed": "Data Not Avaialable", "name": "Estonia", "HydroElectricProduction": "25.013607", "geolocation_address": null, "geolocation_zip": null, "year": 2009, "geolocation_state": null, "EnergyConsumed": "Data Not Avaialable", "id": "EE", "NaturalGasProduction": "Data Not Avaialable", "CoalConsumption": "Data Not Avaialable", "geolocation_city": null, "EnergyProduced": "Data Not Avaialable", "reclong": "Data Not Avaialable"}}, {"type": "Feature", "geometry": {"type": "Point", "coordinates": ["15.2", "45.1"]}, "properties": {"OilConsumed": "Data Not Avaialable", "name": "Croatia", "HydroElectricProduction": "15.2", "geolocation_address": null, "geolocation_zip": null, "year": 2009, "geolocation_state": null, "EnergyConsumed": "Data Not Avaialable", "id": "HR", "NaturalGasProduction": "Data Not Avaialable", "CoalConsumption": "Data Not Avaialable", "geolocation_city": null, "EnergyProduced": "Data Not Avaialable", "reclong": "Data Not Avaialable"}}, {"type": "Feature", "geometry": {"type": "Point", "coordinates": ["27.953389", "53.709807"]}, "properties": {"OilConsumed": "Data Not Avaialable", "name": "Belarus", "HydroElectricProduction": "27.953389", "geolocation_address": null, "geolocation_zip": null, "year": 2009, "geolocation_state": null, "EnergyConsumed": "Data Not Avaialable", "id": "BY", "NaturalGasProduction": "Data Not Avaialable", "CoalConsumption": "Data Not Avaialable", "geolocation_city": null, "EnergyProduced": "Data Not Avaialable", "reclong": "Data Not Avaialable"}}, {"type": "Feature", "geometry": {"type": "Point", "coordinates": ["104.990963", "12.565679"]}, "properties": {"OilConsumed": "Data Not Avaialable", "name": "Cambodia", "HydroElectricProduction": "104.990963", "geolocation_address": null, "geolocation_zip": null, "year": 2009, "geolocation_state": null, "EnergyConsumed": "Data Not Avaialable", "id": "KH", "NaturalGasProduction": "Data Not Avaialable", "CoalConsumption": "Data Not Avaialable", "geolocation_city": null, "EnergyProduced": "Data Not Avaialable", "reclong": "Data Not Avaialable"}}, {"type": "Feature", "geometry": {"type": "Point", "coordinates": ["14.995463", "46.151241"]}, "properties": {"OilConsumed": "Data Not Avaialable", "name": "Slovenia", "HydroElectricProduction": "14.995463", "geolocation_address": null, "geolocation_zip": null, "year": 2009, "geolocation_state": null, "EnergyConsumed": "Data Not Avaialable", "id": "SI", "NaturalGasProduction": "Data Not Avaialable", "CoalConsumption": "Data Not Avaialable", "geolocation_city": null, "EnergyProduced": "Data Not Avaialable", "reclong": "Data Not Avaialable"}}, {"type": "Feature", "geometry": {"type": "Point", "coordinates": ["34.851612", "31.046051"]}, "properties": {"OilConsumed": "Data Not Avaialable", "name": "Israel", "HydroElectricProduction": "34.851612", "geolocation_address": null, "geolocation_zip": null, "year": 2009, "geolocation_state": null, "EnergyConsumed": "Data Not Avaialable", "id": "IL", "NaturalGasProduction": "Data Not Avaialable", "CoalConsumption": "Data Not Avaialable", "geolocation_city": null, "EnergyProduced": "Data Not Avaialable", "reclong": "Data Not Avaialable"}}, {"type": "Feature", "geometry": {"type": "Point", "coordinates": ["-88.89653", "13.794185"]}, "properties": {"OilConsumed": "Data Not Avaialable", "name": "El Salvador", "HydroElectricProduction": "-88.89653", "geolocation_address": null, "geolocation_zip": null, "year": 2009, "geolocation_state": null, "EnergyConsumed": "Data Not Avaialable", "id": "SV", "NaturalGasProduction": "Data Not Avaialable", "CoalConsumption": "Data Not Avaialable", "geolocation_city": null, "EnergyProduced": "Data Not Avaialable", "reclong": "Data Not Avaialable"}}, {"type": "Feature", "geometry": {"type": "Point", "coordinates": ["-83.753428", "9.748917"]}, "properties": {"OilConsumed": "Data Not Avaialable", "name": "Costa Rica", "HydroElectricProduction": "-83.753428", "geolocation_address": null, "geolocation_zip": null, "year": 2009, "geolocation_state": null, "EnergyConsumed": "Data Not Avaialable", "id": "CR", "NaturalGasProduction": "Data Not Avaialable", "CoalConsumption": "Data Not Avaialable", "geolocation_city": null, "EnergyProduced": "Data Not Avaialable", "reclong": "Data Not Avaialable"}}, {"type": "Feature", "geometry": {"type": "Point", "coordinates": ["-86.241905", "15.199999"]}, "properties": {"OilConsumed": "Data Not Avaialable", "name": "Honduras", "HydroElectricProduction": "-86.241905", "geolocation_address": null, "geolocation_zip": null, "year": 2009, "geolocation_state": null, "EnergyConsumed": "Data Not Avaialable", "id": "HN", "NaturalGasProduction": "Data Not Avaialable", "CoalConsumption": "Data Not Avaialable", "geolocation_city": null, "EnergyProduced": "Data Not Avaialable", "reclong": "Data Not Avaialable"}}, {"type": "Feature", "geometry": {"type": "Point", "coordinates": ["0.824782", "8.619543"]}, "properties": {"OilConsumed": "Data Not Avaialable", "name": "Togo", "HydroElectricProduction": "0.824782", "geolocation_address": null, "geolocation_zip": null, "year": 2009, "geolocation_state": null, "EnergyConsumed": "Data Not Avaialable", "id": "TG", "NaturalGasProduction": "Data Not Avaialable", "CoalConsumption": "Data Not Avaialable", "geolocation_city": null, "EnergyProduced": "Data Not Avaialable", "reclong": "Data Not Avaialable"}}, {"type": "Feature", "geometry": {"type": "Point", "coordinates": ["24.603189", "56.879635"]}, "properties": {"OilConsumed": "Data Not Avaialable", "name": "Latvia", "HydroElectricProduction": "24.603189", "geolocation_address": null, "geolocation_zip": null, "year": 2009, "geolocation_state": null, "EnergyConsumed": "Data Not Avaialable", "id": "LV", "NaturalGasProduction": "Data Not Avaialable", "CoalConsumption": "Data Not Avaialable", "geolocation_city": null, "EnergyProduced": "Data Not Avaialable", "reclong": "Data Not Avaialable"}}, {"type": "Feature", "geometry": {"type": "Point", "coordinates": ["2.315834", "9.30769"]}, "properties": {"OilConsumed": "Data Not Avaialable", "name": "Benin", "HydroElectricProduction": "2.315834", "geolocation_address": null, "geolocation_zip": null, "year": 2009, "geolocation_state": null, "EnergyConsumed": "Data Not Avaialable", "id": "BJ", "NaturalGasProduction": "Data Not Avaialable", "CoalConsumption": "Data Not Avaialable", "geolocation_city": null, "EnergyProduced": "Data Not Avaialable", "reclong": "Data Not Avaialable"}}, {"type": "Feature", "geometry": {"type": "Point", "coordinates": ["-72.285215", "18.971187"]}, "properties": {"OilConsumed": "Data Not Avaialable", "name": "Haiti", "HydroElectricProduction": "-72.285215", "geolocation_address": null, "geolocation_zip": null, "year": 2009, "geolocation_state": null, "EnergyConsumed": "Data Not Avaialable", "id": "HT", "NaturalGasProduction": "Data Not Avaialable", "CoalConsumption": "Data Not Avaialable", "geolocation_city": null, "EnergyProduced": "Data Not Avaialable", "reclong": "Data Not Avaialable"}}, {"type": "Feature", "geometry": {"type": "Point", "coordinates": ["-85.207229", "12.865416"]}, "properties": {"OilConsumed": "Data Not Avaialable", "name": "Nicaragua", "HydroElectricProduction": "-85.207229", "geolocation_address": null, "geolocation_zip": null, "year": 2009, "geolocation_state": null, "EnergyConsumed": "Data Not Avaialable", "id": "NI", "NaturalGasProduction": "Data Not Avaialable", "CoalConsumption": "Data Not Avaialable", "geolocation_city": null, "EnergyProduced": "Data Not Avaialable", "reclong": "Data Not Avaialable"}}, {"type": "Feature", "geometry": {"type": "Point", "coordinates": ["-8.24389", "53.41291"]}, "properties": {"OilConsumed": "Data Not Avaialable", "name": "Ireland", "HydroElectricProduction": "-8.24389", "geolocation_address": null, "geolocation_zip": null, "year": 2009, "geolocation_state": null, "EnergyConsumed": "Data Not Avaialable", "id": "IE", "NaturalGasProduction": "Data Not Avaialable", "CoalConsumption": "Data Not Avaialable", "geolocation_city": null, "EnergyProduced": "Data Not Avaialable", "reclong": "Data Not Avaialable"}}], "crs": {"type": "name", "properties": {"name": "urn:ogc:def:crs:OGC:1.3:CRS84"}}}